4780511369165538261,Personalization & Productivity
4780957067162908698,Not supported language
4785615956890702214,Arts & Entertainment
4786726634047601738,Not supported language
4787364423336312358,Not supported language
4787815894216678223,Personalization & Productivity
4790684171047658678,Not supported language
4791837585084971150,Technology & Computers
4792857039986616162,Arts & Entertainment
4793002163592073109,Arts & Entertainment
4794140675543205450,Not supported language
4795637956014492059,Hobbies
4798106222236181152,Sports & Recreation
4798196708487678740,Social Media
4798312243281378353,Health & Personal care
4799291973016411871,Not supported language
4801943928803260225,Not supported language
4802726372999915877,Not supported language
4805333048113882983,Shopping
4809864674097775112,Health & Personal care
4812086848356316227,Shopping
4813784929363249272,Hobbies
4814963333297372952,Not supported language
4819571798757207635,News & Current Events
4819614749772245666,Not supported language
4821490694945587266,Not supported language
4822938009130884530,Arts & Entertainment
4825136029534182578,Technology & Computers
4827342694459393989,Hobbies
4832707854701336688,Not supported language
4836571289880893031,Not supported language
4836834150117708321,Hobbies
4839657768851901972,News & Current Events
4841103548193282782,Social Media
4848458515310709736,Hobbies
4851994903202242589,News & Current Events
4853030629109088820,Technology & Computers
4853957143444230400,Personalization & Productivity
4855972625930050864,Not supported language
4856852548223246268,Not supported language
4862314917174238553,Personalization & Productivity
4864945526248603055,Sports & Recreation
4868182694295627164,Shopping
4872125600840936136,Lifestyles
4872245780871073960,News & Current Events
4873633287100047436,Health & Personal care
4873940374469467349,Shopping
4877532048472569823,Social Media
4878496344099140483,Lifestyles
4880057182588124446,Shopping
4882035576916474368,Finance
4887659776650484351,Not supported language
4892991588493443740,Not supported language
4897374628230583145,Travel
4898921326793421984,Not supported language
4899523481700784422,Arts & Entertainment
4900159254407759708,Social Media
4900168075801675872,Health & Personal care
4903139342573035685,Travel
4903406422033391933,Not supported language
4906876092118588974,Personalization & Productivity
4907259300738478180,Not supported language
4907298851394633697,Not supported language
4907874736074909943,Not supported language
4908786499161688421,Hobbies
4911620571883943830,Finance
4913059151251435517,Social Media
4916486885771794068,Not supported language
4919617766066016786,Social Media
4920608798489712809,Social Media
4925185052843660197,Personalization & Productivity
4929409478182764526,Not supported language
4930464279435271572,Not supported language
4931997967492891565,Hobbies
4935742426788578515,Social Media
4936544635362381481,Technology & Computers
4942603640368793223,Sports & Recreation
4946885270659474948,Games
4947744531713424924,Health & Personal care
4948548216327842705,Not supported language
4952573959519049392,Social Media
4953118204657078706,Not supported language
4955348800338682502,News & Current Events
4956054684681954218,Not supported language
4956317803983014891,Not supported language
4958282403112901330,Personalization & Productivity
4958599577060061811,Social Media
4959545770637930339,Personalization & Productivity
4960162244837664202,Arts & Entertainment
4962586737998374607,Arts & Entertainment
4967522295006156534,Finance
4970681037482994563,Travel
4972451538966470537,Not supported language
4975112412953399314,Not supported language
4976565692704943924,Technology & Computers
4976749614779023470,Shopping
4979080051725281448,Arts & Entertainment
4980740944364749408,Shopping
4989346753787164818,Not supported language
4989381400416648358,Social Media
4994041846536140893,Social Media
4994450024652692155,Not supported language
4995215448043903252,Social Media
4995402068643040561,Not supported language
4997088474263032756,Vehicles
4999619328417010418,Personalization & Productivity
5000469893152915589,Personalization & Productivity
5000648209233531419,Social Media
5002023490892311328,Health & Personal care
5002410775244685559,Not supported language
5002795338983668690,Shopping
5007041375655660128,Not supported language
5007865019956250500,Hobbies
5008916183933328287,Not supported language
5009947390698724269,Not supported language
5010023296880187482,Not supported language
5010241218980618577,Social Media
5010965195705713390,Health & Personal care
5012978893505005960,Not supported language
5014076874319497118,Social Media
5014200575636856501,Shopping
5015682895272192906,Personalization & Productivity
5018775664589887195,Technology & Computers
5021248155098433855,Not supported language
5021837445830347263,Hobbies
5022214946113765552,Personalization & Productivity
5024411420375856947,Sports & Recreation
5033341360344061251,Social Media
5034104931026006931,Not supported language
5035944140427284563,Hobbies
5039710739192211476,Not supported language
5040578524944814635,Not supported language
5041023046074716116,Technology & Computers
5041358587198492837,Personalization & Productivity
5044266914385729856,Not supported language
5048318242135588291,Finance
5051537271957908318,Education
5053036235287085181,Health & Personal care
5053103643091645987,Not supported language
5061119953052350606,Not supported language
5061199511369860238,Not supported language
5064930352687359684,Hobbies
5065815153522201341,Not supported language
5068311258642325011,Personalization & Productivity
5068384730432934870,Health & Personal care
5069462753058018712,Not supported language
5070540257033954697,Not supported language
5071927878142486299,Not supported language
5073227683981426477,Arts & Entertainment
5074091408054385427,Hobbies
5075470807867864084,Games
5079155561326820030,Finance
5079887453271897258,Not supported language
5082281998853004752,Arts & Entertainment
5082599284918698219,Social Media
5087418537858626105,Not supported language
5088965229182365152,Social Media
5089651899746924876,Health & Personal care
5092934420969967304,Education
5094149214940405592,Lifestyles
5097530818317675512,Not supported language
5098776839899894500,Not supported language
5099427038413491992,Arts & Entertainment
5101000837580451514,Arts & Entertainment
5101851099196287992,Not supported language
5102040114994561110,Games
5104364038393586975,Social Media
5105977320892340853,Not supported language
5107637175315600640,Not supported language
5107741286164207295,Social Media
5109986496095803394,Not supported language
5111820908714168788,Hobbies
5111906633332885848,Arts & Entertainment
5112380969250899243,Shopping
5118431619725996569,Health & Personal care
5119610111596458189,Adult Content
5123707050978555823,Not supported language
5124091411910556145,Arts & Entertainment
5127889685987976068,Shopping
5128874391165683461,Not supported language
5129828625490238514,Personalization & Productivity
5136834807999734814,Not supported language
5138512053948935665,Hobbies
5139147852322405273,Finance
5139917473432080570,Not supported language
5140247923045042567,Arts & Entertainment
5140513759959402900,Not supported language
5140637184943998830,Hobbies
5140885070128902854,Not supported language
5143163097682835576,Personalization & Productivity
5143475554270556335,Not supported language
5144860469235874618,Not supported language
5146572599774603735,Not supported language
5153137733087085310,Hobbies
5153544183045743961,Technology & Computers
5153550101314832030,Hobbies
5155643815883007675,Not supported language
5156217414564354137,Arts & Entertainment
5157839352459166516,Shopping
5161843198645359377,Personalization & Productivity
5162712766475123725,Hobbies
5163246950061360783,Shopping
5165518494768935818,Not supported language
5166932771462126640,Vehicles
5167253843532938770,Not supported language
5171309465711733819,Not supported language
5174844734631302302,Not supported language
5175031094308182669,Not supported language
5177537827758818793,Vehicles
5177798715234395036,Not supported language
5177970925800317764,Not supported language
5179697161280785133,Not supported language
5184706612201683553,Shopping
5191247728132857602,Arts & Entertainment
5196243742234240028,Personalization & Productivity
5198687306333502933,Not supported language
5199636146894159828,Not supported language
5199746402761857246,Personalization & Productivity
5201525476390212161,Not supported language
5201860258389058471,Vehicles
5204896496620094603,News & Current Events
5204983957135172121,Hobbies
5208849587954901306,Games
5210692927542757787,Not supported language
5212050207139753783,Hobbies
5215513036018461369,Social Media
5216332888827788746,Not supported language
5221030931540324161,Not supported language
5223579457740600993,Not supported language
5229180407509265711,Not supported language
5230906156498742584,Personalization & Productivity
5231232829927444274,News & Current Events
5231755793454258782,Hobbies
5238661183658847231,Personalization & Productivity
5241339422264578320,Health & Personal care
5241354161048833574,Not supported language
5241623244959770831,Shopping
5242776997513150291,Sports & Recreation
5243909487774565669,Not supported language
5244639956609213298,Not supported language
5246701988482433154,Not supported language
5247352998774563047,Not supported language
5247959832889201942,Not supported language
5250482456761141917,Arts & Entertainment
5255260324972837621,Not supported language
5258701882369475749,Vehicles
5260950951493025962,Finance
5266508825937360783,Finance
5267669803022917044,Not supported language
5267707270766835040,Hobbies
5270261074762973389,Personalization & Productivity
5271964483424348799,Not supported language
5273029203421324704,Personalization & Productivity
5273143862186495312,Games
5274288591840220084,Hobbies
5278538244184182226,Not supported language
5283737717459325129,Technology & Computers
5284005680353418082,Not supported language
5285908692191090830,Finance
5286044753026475748,Not supported language
5286663141943968256,News & Current Events
5294413384031377209,Not supported language
5295722779216165206,Not supported language
5295990213020388845,Not supported language
5299295852827460233,Not supported language
5301471868573646801,Not supported language
5304337724355954436,Finance
5305441655774810953,Not supported language
5307905537405144493,Health & Personal care
5307939915501306337,Shopping
5308964394140325178,Not supported language
5310211820341311797,Not supported language
5311183355756715900,Technology & Computers
5311808113008868126,Social Media
5313556657355607079,Health & Personal care
5316998995445329548,Social Media
5318005651104673573,Not supported language
5318410506708225794,Not supported language
5319553797561667769,Not supported language
5320276630606205012,Hobbies
5321697919305811764,Technology & Computers
5327243168300999914,Technology & Computers
5328193460197723466,Not supported language
5328673706783125046,Personalization & Productivity
5329580199117895301,Not supported language
5331905987273459897,Shopping
5337404057640936779,Hobbies
5337495040741335960,Not supported language
5339870174628478355,Not supported language
5339966774325293550,Not supported language
5340878988769838992,Hobbies
5350995422382182122,Not supported language
5354083821278332393,Arts & Entertainment
5356711064597590865,Technology & Computers
5357639328281848406,Not supported language
5359485560107341700,Not supported language
5364640568980525781,Finance
5366105154503130634,Shopping
5367123615326165713,Not supported language
5367747464814292415,Social Media
5369060688475880028,Sports & Recreation
5373468116802123805,Vehicles
5373696403214093152,Personalization & Productivity
5379212815600162735,Not supported language
5381006597910921887,Not supported language
5381579040576520369,Social Media
5382650077869031825,Finance
5382821843520427385,Not supported language
5383291378346772124,Health & Personal care
5384692381471787723,Arts & Entertainment
5385891355919816605,Arts & Entertainment
5386390775302278256,Hobbies
5390612748010512575,Hobbies
5390933321961416972,Education
5392964419207988411,Hobbies
5393093029895387104,Personalization & Productivity
5393369733502828656,Finance
5394369750932740292,Personalization & Productivity
5395836151517117133,Not supported language
5398428617053900014,Vehicles
5399141272223545311,Not supported language
5399602963820345677,News & Current Events
5402831102451913887,Social Media
5403671962599739487,Hobbies
5403972261518535527,Finance
5407741684246941053,Not supported language
5412532882921379097,Games
5417563937549082540,Social Media
5418864250929470633,Not supported language
5419079703156076911,Arts & Entertainment
5424947289551505867,Not supported language
5427856388239759248,Hobbies
5432345640467290045,Arts & Entertainment
5432958129769528127,Personalization & Productivity
5435377512953417119,Games
5436568304506016341,Arts & Entertainment
5437525903286409085,Health & Personal care
5441558023587101817,Not supported language
5444439405159120197,Arts & Entertainment
5445860526180653654,Not supported language
5447134643036509519,Not supported language
5447217060993030216,Not supported language
5447712780819553822,Shopping
5448437040437073455,Not supported language
5452212362756200547,Not supported language
5452477810603410962,Vehicles
5454367288257333218,Not supported language
5455523872179655150,Not supported language
5456216010859022492,Not supported language
5457705296262795020,Hobbies
5459153569354781490,Arts & Entertainment
5460554445437237902,Shopping
5461231868529319204,Education
5462133568963697727,Lifestyles
5463987519455285730,Vehicles
5465625060002730882,Arts & Entertainment
5467913932754198314,Finance
5470750623519660250,Vehicles
5471061976409889206,Health & Personal care
5471739863959401141,Technology & Computers
5474525263201323066,Not supported language
5476852996005215730,Arts & Entertainment
5478210523811400623,Not supported language
5478985596562221007,Not supported language
5479112312426472824,Not supported language
5481283834606531909,Not supported language
5483411037770772554,Not supported language
5491467968873034958,Technology & Computers
5491795733065348520,Technology & Computers
5496686915650741937,Hobbies
5497333814615375657,Social Media
5504276435656312025,Arts & Entertainment
5504374137964984677,Arts & Entertainment
5504555216413840167,Not supported language
5505113307467837812,Shopping
5506207734363416575,Finance
5507191165843500008,Finance
5508083863170243110,Lifestyles
5508301223790661501,Games
5509476266073727024,Health & Personal care
5509695026197195131,Not supported language
5510936569203161203,Not supported language
5511032098457516013,Finance
5511689081522923735,Not supported language
5512809333718054337,Shopping
5514716465603807487,Travel
5514756062916498704,Not supported language
5520288173405737601,Social Media
5522280648891059049,Not supported language
5522519744543639206,Shopping
5523585372264195451,Games
5523722037032479818,Not supported language
5524819209422478092,Technology & Computers
5527404342931093472,Not supported language
5536466372587577075,Games
5545996645721253119,Health & Personal care
5547116069479346396,Technology & Computers
5548942819402190179,Not supported language
5549532211390243000,Health & Personal care
5550333417670085641,Personalization & Productivity
5551907650712131751,Vehicles
5552010082729767151,Not supported language
5553686469912780803,Not supported language
5557533886781387427,News & Current Events
5565450442709105918,Adult Content
5566418222251488323,Not supported language
5570098005654562331,Social Media
5579824435743186883,Not supported language
5582688890668210161,Hobbies
5582986387999290933,Not supported language
5584431407890734623,Finance
5586881827271557319,Shopping
5592460512234639572,Shopping
5595110699743389905,Vehicles
5597723759701153563,Not supported language
5599614341837731763,Food & Drink
5604603527342844243,Personalization & Productivity
5604828563848733208,Not supported language
5605768936831656116,Travel
5605980942584313697,Not supported language
5608252701649789535,Not supported language
5608458490093264187,Personalization & Productivity
5608504452963641509,Games
5608665804959263364,Personalization & Productivity
5609879248550994575,Technology & Computers
5612480003942044090,Not supported language
5616298814552700432,Not supported language
5619329256764266729,Not supported language
5621373994682624684,Health & Personal care
5621433069938471843,Not supported language
5623116054704474581,Not supported language
5623247843722862513,Not supported language
5623559713773871308,Education
5625512306514213393,Not supported language
5626604769893083003,Personalization & Productivity
5628687480993302337,Vehicles
5640159960834339692,Food & Drink
5642063738478898108,Personalization & Productivity
5642789666004353604,Not supported language
5644989287237996572,Not supported language
5646300009488834181,News & Current Events
5646312525704192153,Shopping
5647367532067824600,Not supported language
5648674773262420803,Shopping
5656558199493543896,Vehicles
5658757004139043663,Not supported language
5659063997725472121,Finance
5666025808191571536,Arts & Entertainment
5667805825208858851,Not supported language
5667826854751496614,Not supported language
5667935918986084035,Not supported language
5668662788377947711,Shopping
5670660171960402413,Games
5671284684601491296,Not supported language
5672277149511220368,Finance
5672793228121355300,Not supported language
5677293399021457505,Arts & Entertainment
5678961474770259853,Shopping
5684123152008099448,Not supported language
5688619793397663815,Arts & Entertainment
5689419707237978874,Vehicles
5690593449102195473,Finance
5690724239747527806,Social Media
5691257615877698901,Not supported language
5691522177745925371,Food & Drink
5692945024162977267,Social Media
5696331631612723116,Not supported language
5696630525111254208,Not supported language
5697299877623079803,News & Current Events
5697589518677048598,Not supported language
5698404887695703497,Not supported language
5698688061281057758,Not supported language
5698810673342424833,Not supported language
5699710318599766958,Personalization & Productivity
5703015177734323564,Not supported language
5703316376246038116,Personalization & Productivity
5711431774757369885,Not supported language
5711521560660378536,Personalization & Productivity
5715104859148792953,Personalization & Productivity
5715916902525048857,Arts & Entertainment
5716062068065511432,Health & Personal care
5717367848749392964,Not supported language
5717962616834599999,Hobbies
5723534753303204942,Technology & Computers
5726078730766250456,Food & Drink
5726691699829836762,Hobbies
5731271762161335271,Personalization & Productivity
5732095756532584869,Personalization & Productivity
5733002248430832936,Social Media
5734214066174222532,Technology & Computers
5735150178801434361,Hobbies
5736521577337480399,Travel
5737341862815931312,Games
5746470227157522840,Hobbies
5747594727224910463,Social Media
5748876089524343522,Social Media
5751680177188302963,Adult Content
5755969124406363596,Arts & Entertainment
5756680604513057237,Not supported language
5758314533254452203,Hobbies
5759397027773139494,Arts & Entertainment
5760299095717768925,Games
5760862285018360893,Not supported language
5763561906961250197,Technology & Computers
5764021757164127489,Technology & Computers
5764070390392529716,Finance
5765336056252559985,Not supported language
5768311052023057227,Fashion & Beauty
5769466743836506554,Not supported language
5770270946298112880,Not supported language
5773924556582962367,Technology & Computers
5776547513285225194,Vehicles
5777684121154977741,Vehicles
5779307067315245150,Social Media
5782612897707063398,Not supported language
5785185424244012474,Not supported language
5785324136852298513,Arts & Entertainment
5788807786082336656,Games
5789789958255325384,Health & Personal care
5793590478793138945,Arts & Entertainment
5793612259092672116,Hobbies
5794760806478988269,Not supported language
5795902075617120749,Not supported language
5799747462379946684,Arts & Entertainment
5800155473836653992,Not supported language
5800854633373386447,Not supported language
5802121692038527673,Not supported language
5802552053326559667,Personalization & Productivity
5803335253247505609,Food & Drink
5805424516749120958,Travel
5806561549469284174,Finance
5806714202182262471,Personalization & Productivity
5807400864764978448,Sports & Recreation
5810166048093303986,Not supported language
5814124198568927784,Games
5817303118926678375,Not supported language
5817509818649766190,Finance
5819064785663187598,Not supported language
5823824632537493435,Not supported language
5825037636778251270,Social Media
5827561005043954849,Adult Content
5834143362684134864,Technology & Computers
5835546393227765558,Arts & Entertainment
5839194730133483724,Social Media
5840992856983711794,Not supported language
5845612638774306166,Social Media
5846494415956227645,Shopping
5852684628316086049,Not supported language
5854373986005943859,Hobbies
5854932991566635711,Arts & Entertainment
5856750596101342088,Not supported language
5861794581728364242,Not supported language
5863808853838827242,Not supported language
5864266501589434271,Not supported language
5875281722411140756,Personalization & Productivity
5879378540260584174,Not supported language
5881748138251312871,Not supported language
5884598616562440276,Not supported language
5886940546713160449,Not supported language
5888900068468030671,Career & Employment
5889653218315853415,Not supported language
5893951465347826755,Finance
5894358521731897876,Arts & Entertainment
5896184574240714774,Vehicles
5896407465919376145,Not supported language
5897166084137871683,Not supported language
5898610364704364516,Not supported language
5899401448957819747,Sports & Recreation
5899477431599062511,Shopping
5901038197377052715,Not supported language
5905175008775590486,Hobbies
5912765688180699238,Not supported language
5913031500667791091,Social Media
5916190841780880004,Finance
5918083720348650849,Shopping
5921535333917277283,Personalization & Productivity
5921759102276718203,Vehicles
5921872044372898462,Health & Personal care
5922485305351436553,Health & Personal care
5928729403301468401,Games
5929316522775696484,Health & Personal care
5929709226396005936,Not supported language
5930820195415100410,Technology & Computers
5931316976946206094,Hobbies
5935851385304503248,Games
5936220701356766345,Hobbies
5936760209350922045,Not supported language
5937180625470517493,Sports & Recreation
5938523512033258726,Arts & Entertainment
5939986450503232483,Technology & Computers
5941428097125977334,Vehicles
5943328591622484408,Personalization & Productivity
5943857336314526330,Not supported language
5951409298186269611,Games
5954791558365683438,Personalization & Productivity
5954896539231822379,Social Media
5956551425529864126,Not supported language
5958743397996210900,Not supported language
5960046036856899914,Social Media
5960473298077766499,Not supported language
5961650597880984270,Finance
5964663753449542293,Not supported language
5965365604671363423,Finance
5969572363266105134,Vehicles
5970655341065139825,Technology & Computers
5971984958811476837,Shopping
5974673534199279646,Not supported language
5980367968707062763,Technology & Computers
5980849852741414182,Travel
5982174988012849881,Personalization & Productivity
5982630451731187293,Health & Personal care
5984813124459386471,Not supported language
5985232643666087992,Not supported language
5989055505644112940,Not supported language
5990592586527810344,Not supported language
5991073016653214379,Not supported language
5991726184321079381,Finance
5991974358780723408,Technology & Computers
5994167806228202470,Technology & Computers
5995491338512366179,Shopping
5997428305153439379,Hobbies
5998130017152243887,Hobbies
5999530117719330326,Not supported language
5999810813268551331,Personalization & Productivity
6000121125323300779,Sports & Recreation
6001696649051678131,Not supported language
6001878623822130254,Arts & Entertainment
6003265174819526825,Social Media
6004743828424514236,Finance
6012138145212988183,Not supported language
6014366949090709816,Not supported language
6017456945383737550,Health & Personal care
6018263684964249959,Shopping
6021619032324074109,Arts & Entertainment
6023827516330910759,Not supported language
6024038060054226642,Games
6026752634007203504,Not supported language
6031850235267660903,Travel
6035202420780086468,Personalization & Productivity
6044791753566789310,Not supported language
6046576733737900739,Not supported language
6046671010309633731,Not supported language
6056459079843029961,Not supported language
6056912163861534659,Social Media
6056987511295525018,Not supported language
6057037168207667005,Hobbies
6057173635294394598,Personalization & Productivity
6057246697929706647,Shopping
6063280085244252716,Arts & Entertainment
6064965570861265765,Technology & Computers
6066070063786590437,Arts & Entertainment
6066430594206063215,Not supported language
6067592320484642061,Hobbies
6067651756889129307,Personalization & Productivity
6068222924763531346,Not supported language
6068892768357808063,Finance
6070194403774710538,Games
6071420452039509416,Vehicles
6076586432645048669,Not supported language
6078078286113497459,Games
6078340428643482181,Not supported language
6078768623985375033,Not supported language
6079936320432377294,Not supported language
6080508540624032151,Personalization & Productivity
6080573844808513963,Not supported language
6081483422961994653,Sports & Recreation
6081542744570240046,Not supported language
6082221514190688951,Technology & Computers
6083597121246131914,Not supported language
6084825095764892371,Arts & Entertainment
6086072857881145009,Social Media
6089057096510079192,Personalization & Productivity
6092999547857834178,Health & Personal care
6093544609049355257,Personalization & Productivity
6099053543225339672,Not supported language
6099103182407926744,Not supported language
6104190024750388583,Shopping
6108882301356370176,Not supported language
6109946272867345248,Arts & Entertainment
6114010476323761283,Not supported language
6117141555128078250,Hobbies
6119913873490488499,Social Media
6124260153818856324,Hobbies
6124829172206795078,Arts & Entertainment
6125414855268629016,Health & Personal care
6129438512700156924,Technology & Computers
6130313330514850482,Health & Personal care
6136812223951106884,Not supported language
6139471854294243478,Not supported language
6142049766552594093,Lifestyles
6152284629902734257,Personalization & Productivity
6153625949098438344,News & Current Events
6155651963150247495,Arts & Entertainment
6156269819914555904,Not supported language
6161751589542810609,Finance
6164559656603657840,Vehicles
6169057623398854644,Not supported language
6171821812987066584,Not supported language
6175131858055523880,Not supported language
6175638798184561302,Social Media
6176538394068296237,Not supported language
6177159330079901787,Not supported language
6177846033082923116,Vehicles
6180082512639081236,Finance
6181087701499400049,Vehicles
6181297645928973744,Arts & Entertainment
6182509408159608296,Technology & Computers
6185138046824978804,Technology & Computers
6185558590668246247,Not supported language
6189848651509611992,Vehicles
6190759139198850459,Games
6191019815355529508,Personalization & Productivity
6192189369681956354,Not supported language
6193530928241193493,Health & Personal care
6193923665982088985,Not supported language
6194087037347855471,Social Media
6199841920086691686,Personalization & Productivity
6200015104623297934,Education
6200083592003790666,Food & Drink
6207591401674889371,Not supported language
6209161161323762838,Not supported language
6210006540427142757,Not supported language
6210488128506497229,News & Current Events
6212290667105111920,Health & Personal care
6212871639367200456,Not supported language
6215937624395429394,Not supported language
6218206921216078248,Not supported language
6219986092168978580,Social Media
6220057138201818064,Vehicles
6225603590394030917,Not supported language
6227287913532156911,Health & Personal care
6227901476379670828,Not supported language
6231033231188206976,Shopping
6235432723970535543,Hobbies
6237009810894133930,Not supported language
6239293001453239564,Technology & Computers
6241101353790204435,Shopping
6245655148860677234,Sports & Recreation
6246826060331153402,Arts & Entertainment
6248059488644908885,Shopping
6248558053291549334,Not supported language
6249076434762450777,Not supported language
6249520209713128617,Arts & Entertainment
6250612370783331910,Not supported language
6252050109713176883,Sports & Recreation
6252493430928763709,Not supported language
6252558693595516289,Not supported language
6254053474064950438,Sports & Recreation
6259974072894359928,Personalization & Productivity
6262064241226090012,Health & Personal care
6262921053402579985,Not supported language
6268250947518713945,Education
6269035962002205875,Not supported language
6271044968264352781,Shopping
6272283407050008669,Not supported language
6274760754245900844,Not supported language
6275156703311681885,Not supported language
6275190491476942560,Shopping
6275513562092901490,Shopping
6277605788124695909,Personalization & Productivity
6277767209277683035,Technology & Computers
6279787740424400843,Not supported language
6280069627565497806,Vehicles
6283745705946927716,Not supported language
6285344995012270041,Hobbies
6285501050917879329,Not supported language
6286725562187362118,Not supported language
6290315058315321864,Not supported language
6291681644602110293,Social Media
6292651660555203213,Vehicles
6292727607954035143,Not supported language
6293366437158701035,Sports & Recreation
6295206499765445332,Technology & Computers
6295280786590994633,Arts & Entertainment
6295408733359461423,Health & Personal care
6303805755975200907,Not supported language
6306426470139237785,Games
6306475946945000375,News & Current Events
6307667430597318544,Personalization & Productivity
6312148543979617733,Not supported language
6318029640040493007,Not supported language
6320581304144469077,Social Media
6322247120213402669,Games
6322882619616559919,Not supported language
6324865222383898354,Shopping
6325034623173031193,Adult Content
6326256424146873954,Not supported language
6327991842265776877,Finance
6328463113730024154,Technology & Computers
6330976969076001269,Personalization & Productivity
6332355718233347770,Hobbies
6333856345703103900,Vehicles
6333962091330205051,Not supported language
6337621141239211280,Not supported language
6338539487721854929,Games
6340266833312265232,Technology & Computers
6343641163093023261,Not supported language
6344429720875197346,Lifestyles
6345493320252488605,Personalization & Productivity
6348607194746898436,Shopping
6348981127473864927,Social Media
6349137015654479119,Not supported language
6351239119705262020,Games
6355544260262970328,Hobbies
6359082227027224456,Not supported language
6361244074128259234,Not supported language
6361278437440133117,Technology & Computers
6364772095643946261,Personalization & Productivity
6364781339940208290,Not supported language
6366775390301404522,Health & Personal care
6367638263930427874,Food & Drink
6371009485300336544,Games
6382453154847307188,Not supported language
6383822761838961072,Technology & Computers
6389424052199715794,Shopping
6390923979230080755,Hobbies
6393703941569126715,Hobbies
6394394863180008963,Not supported language
6395670882775570130,Not supported language
6397258673615825037,Technology & Computers
6401015353650108233,Not supported language
6405770602945565385,Shopping
6413834095232191793,Not supported language
6415695578098658861,Shopping
6418172969001930234,Arts & Entertainment
6418705636719223934,Personalization & Productivity
6426585340467420182,Not supported language
6429758854477892909,Shopping
6430769620669720078,Not supported language
6433329567472947864,Not supported language
6434581614998364345,Health & Personal care
6438843330849624332,Not supported language
6440671913103224357,Not supported language
6440778113781070201,Hobbies
6446492405931420304,Not supported language
6446953935003245087,Arts & Entertainment
6448070674255813842,Travel
6448416484370637620,Technology & Computers
6448604344122642833,Finance
6448873938782988878,Sports & Recreation
6449785370812605394,Not supported language
6454351415469873271,Hobbies
6455051912358615589,Lifestyles
6455701766845926976,Social Media
6457081574713872567,Not supported language
6458057555285546901,Hobbies
6458457990245795981,Health & Personal care
6460111392807442920,Social Media
6465156351393201311,Not supported language
6465268211571285951,Not supported language
6467079498330386441,Not supported language
6469126551306819301,Not supported language
6470541777911677954,Not supported language
6476180821145057895,Sports & Recreation
6476781364050504450,Sports & Recreation
6477510129391937612,Shopping
6478452782574060586,Not supported language
6480540977390223522,Not supported language
6482505281062153050,Not supported language
6483927344068861743,Arts & Entertainment
6485682588632393491,Social Media
6487117836358472695,Shopping
6487971246762501523,Lifestyles
6489526065229671243,Technology & Computers
6489915632854933037,Health & Personal care
6495879691871215894,Arts & Entertainment
6496179569131736012,Arts & Entertainment
6498618140349057479,Not supported language
6499855463323593485,Technology & Computers
6500821861351299734,Arts & Entertainment
6503145333276813645,Personalization & Productivity
6503559971960183522,Not supported language
6505430142823630621,Hobbies
6506304208618421737,Not supported language
6506858732569133893,Not supported language
6511101951510603936,Not supported language
6512648522731155952,Health & Personal care
6515824671706549655,Vehicles
6516135115549469179,Vehicles
6519665876384953589,Technology & Computers
6520963036065428456,Finance
6521378728313940540,Health & Personal care
6527684002428783719,Not supported language
6529004220155444621,Personalization & Productivity
6529557235977467708,Vehicles
6534763191261537332,Lifestyles
6538053494263165836,Arts & Entertainment
6540527921566172965,Shopping
6541822535948390715,Travel
6543261702522631003,Arts & Entertainment
6545240187222135414,Arts & Entertainment
6546160829018743892,Health & Personal care
6547211974805086870,Vehicles
6547784991645909248,Vehicles
6552824516019204301,Personalization & Productivity
6559936713090471501,Not supported language
6561276874905331537,Not supported language
6561857505258613915,Not supported language
6562940498919364541,Personalization & Productivity
6566092814619818635,Health & Personal care
6567550495830414042,Social Media
6570285739673499774,Hobbies
6573048037152383291,Not supported language
6575331712396514800,Social Media
6576312451773881552,Not supported language
6576915496552758694,Arts & Entertainment
6579490061222257634,Not supported language
6582821520471622664,Technology & Computers
6584744038603143563,Education
6585565975188089943,Hobbies
6586567882363683906,Health & Personal care
6587640428915796385,Shopping
6588248942016836017,Vehicles
6589099044497917164,Technology & Computers
6590541268421315247,Hobbies
6593636721689319271,Personalization & Productivity
6594776818675800325,Hobbies
6595996213432197010,Not supported language
6598451077312370729,Personalization & Productivity
6605026190642577676,Health & Personal care
6605712257305059193,Technology & Computers
6606152300946603302,Technology & Computers
6607801551114539383,Social Media
6612442027523566193,Vehicles
6615090182392818384,Not supported language
6615204393187948212,Arts & Entertainment
6615850758167195114,Social Media
6616294453970972690,News & Current Events
6618366988785449947,Health & Personal care
6623126954995317676,Health & Personal care
6625274598864080207,Shopping
6625848395548788457,Social Media
6628156942684735975,Social Media
6632920928995146819,Social Media
6637290651118675404,Hobbies
6637472226564522337,Not supported language
6642228736240110764,Arts & Entertainment
6643435355297095112,Personalization & Productivity
6648739703611712004,Finance
6651157976706971983,Not supported language
6654183338592326264,Sports & Recreation
6655684675146682750,Social Media
6656099045089646249,Not supported language
6658527552714237877,Social Media
6659582545421501874,Not supported language
6660185984320342433,Shopping
6661682802774850153,Vehicles
6661719682766221505,Not supported language
6664007124160957295,Shopping
6672615155218007064,Not supported language
6677957789889765424,Food & Drink
6680377849815671317,Health & Personal care
6684740359507137093,Personalization & Productivity
6686697457309583684,Arts & Entertainment
6686754747134598861,Sports & Recreation
6688882003306991334,Sports & Recreation
6689247003751281187,Technology & Computers
6689456599527449880,Finance
6692555193056787811,Food & Drink
6696384205614894318,Social Media
6697296939712383515,Not supported language
6697585507179755127,Not supported language
6699316585187930360,Not supported language
6702925526488032498,Social Media
6703299601763449926,Arts & Entertainment
6703459801147263338,Not supported language
6704170131730395306,Not supported language
6704355758087820385,Not supported language
6704612444598480862,Not supported language
6706587723712386975,Not supported language
6708489122348902117,Hobbies
6709819246650121196,Not supported language
6710640463699730789,Not supported language
6713391669855821542,Social Media
6714290927754459081,Not supported language
6714777996563504040,Finance
6717360204928593064,Shopping
6718152797374918108,Hobbies
6718580855204353498,Not supported language
6723202269999220011,Not supported language
6727082501056456406,Shopping
6729201259428403439,Vehicles
6732583695910506309,Social Media
6734941664887874061,Not supported language
6743907831640840852,Not supported language
6745597981709249229,Technology & Computers
6746441338217505494,Not supported language
6747654058916328732,Arts & Entertainment
6752304508577246749,Not supported language
6753242234922140049,Not supported language
6760594672385586540,Technology & Computers
6761640733151078124,Not supported language
6764674835484413955,Hobbies
6765718010752609671,Hobbies
6771614758308921236,Health & Personal care
6771868264663079303,Not supported language
6772334896195557928,Not supported language
6773461722175167925,Personalization & Productivity
6775735695762122283,Personalization & Productivity
6775769372249964886,Not supported language
6778050870273726177,Technology & Computers
6779951210669722401,Not supported language
6785488609583312386,Adult Content
6785696113169635474,Hobbies
6786716959662061892,Not supported language
6788271047732354833,Education
6789074466157093362,Not supported language
6791763133252340918,Finance
6791981471192923588,Lifestyles
6792057746015076220,Not supported language
6792939494831568691,Arts & Entertainment
6794555340365125397,News & Current Events
6795322816489830475,Not supported language
6796025226854421492,Food & Drink
6796430011267734984,Shopping
6799394470841621908,Vehicles
6801083555704883308,Games
6801900494118929107,Adult Content
6802862104441352341,Not supported language
6802920688714379922,Technology & Computers
6804633529447148058,Technology & Computers
6804810733325057719,Not supported language
6807271425544550473,Personalization & Productivity
6807940078157146217,Games
6808545007691147263,Finance
6808751197463983074,Social Media
6811139934057869488,Not supported language
6811991595924145317,Hobbies
6814158290084369724,Personalization & Productivity
6816191427221770610,Social Media
6817458884311644186,Not supported language
6820002088910056914,Not supported language
6820005850781515002,Arts & Entertainment
6820097775416591513,Arts & Entertainment
6820175417272505851,Not supported language
6820549760704260422,Not supported language
6820687935050974105,Not supported language
6824072407639739686,Shopping
6827064747459878314,Technology & Computers
6827454818320587642,Shopping
6827786401349016382,Not supported language
6827930262293293442,Not supported language
6831286426256612695,Not supported language
6832392186420251496,Education
6834743998865001266,Finance
6843867230161109972,Hobbies
6844432218132893773,Technology & Computers
6846036414018459294,Not supported language
6846900595347568554,Shopping
6850429009212017050,Hobbies
6851725219826757268,Shopping
6852353725739844826,Arts & Entertainment
6855668565963900329,Shopping
6859700452096843114,Social Media
6860525394824733613,Not supported language
6861988193228222129,Not supported language
6863514609262852060,Health & Personal care
6864672980103068662,Personalization & Productivity
6866333958210636276,Not supported language
6867390641605379620,Not supported language
6867868612467268676,Social Media
6875332241400753330,Finance
6878186954833005081,Not supported language
6878402172258520372,Personalization & Productivity
6879609555699885780,Adult Content
6879877200765358664,Not supported language
6880963462175655157,Social Media
6881259429682074186,Arts & Entertainment
6884526276223608815,Arts & Entertainment
6884767004902742238,Arts & Entertainment
6885098665466601690,Not supported language
6887536370494864270,Hobbies
6890921216855491614,Not supported language
6891833766960018879,Shopping
6895529602056370700,Not supported language
6898171721517016001,Social Media
6898598534283237019,Not supported language
6898803636329188487,Technology & Computers
6900803589322519821,Not supported language
6900829635197448985,News & Current Events
6904197272037567372,Not supported language
6907003254627298981,Vehicles
6907564895688429320,Not supported language
6908331149652237999,Health & Personal care
6909706735882753473,Not supported language
6914736782933123445,Not supported language
6915595951219844451,Games
6916250082177328915,Personalization & Productivity
6916601919496287009,Vehicles
6918415678933863041,Personalization & Productivity
6922335735597698004,Not supported language
6923033788079897710,Education
6923085423354833405,Shopping
6924200064136601249,Not supported language
6926400790190013694,Personalization & Productivity
6926985432735908729,Finance
6927116965829110160,Finance
6927161985755487788,Arts & Entertainment
6927394189336628301,Finance
6928978560653173212,Finance